数据量,传统方法时间_秒,DataCleanerPro时间_秒,传统方法准确率_百分比,DataCleanerPro准确率_百分比,传统方法代码行数,DataCleanerPro代码行数,效率提升_百分比
1000,115.60655894876308,54.0041728017323,94.20235056191325,98.91991629687432,80,25,53.286238001714935
5000,600.8146616703647,69.21850807315836,88.93730896815963,98.98508208798009,280,25,88.47922454476738
10000,1194.4949829979587,75.17863032408293,93.74279127168343,99.08806504536084,530,25,93.70624143306165
50000,6000.540687118878,85.41623034174376,93.57865339548711,98.98963550378222,2530,25,98.57652443678779
100000,11998.042617515257,95.01450222159629,89.82642523735083,99.19536372493455,5030,25,99.20808330783147
